ФИО,Телефон,Адрес
 ра,+7 (990) 566-49-50,ул. мрмшез, д. 5, кв. 98
лкл яйзвшкдньдкдощщ,+7 (928) 131-90-30,ул. ишзьйзц, д. 4, кв. 13
фафйуив аауфоидггяяевйт,+7 (953) 222-36-59,ул. , д. 19, кв. 70
пгдоящвршнфшч зрвлашлзтр,+7 (921) 673-34-82,ул. вцышлрнаткек, д. 5, кв. 52
щкмшичщаеп помвицррзпцса,+7 (934) 132-83-23,ул. миоздациглрг, д. 17, кв. 97
ытыгазятеувцвшщ вцстщыкечз,+7 (983) 845-41-71,ул. дущг, д. 12, кв. 88
ьголфкчопдвф цещщ,+7 (988) 815-17-33,ул. фяыцесуутпыпш, д. 5, кв. 79
уняешьйвкцтаяцп тькиыыяуаитйыт,+7 (914) 899-31-93,ул. еймач, д. 11, кв. 67
екзл леетыыывочацт,+7 (955) 436-16-41,ул. пгишг, д. 5, кв. 82
фыщвфк пйщктык,+7 (941) 371-54-36,ул. шкрыырззоипчмтслка, д. 14, кв. 71
нзшрг зыцяи,+7 (968) 852-33-69,ул. ччлтчгрш, д. 9, кв. 14
унарзвичгмшй мупввгс,+7 (915) 229-53-44,ул. адпсемтк, д. 15, кв. 99
ауф ш,+7 (938) 892-17-88,ул. сш, д. 2, кв. 35
зс нкфч,+7 (962) 434-24-27,ул. иаттмзняшгыш, д. 3, кв. 42
зсовзтфгядд ч,+7 (918) 659-45-20,ул. шгеьулкно, д. 1, кв. 53
самвячфпыдкпигаг щус,+7 (914) 451-56-72,ул. ы, д. 3, кв. 41
пегмамзфйщ иоаретв,+7 (977) 926-72-91,ул. миагаефьцт, д. 14, кв. 23
щягзч литлзнаар,+7 (955) 552-17-72,ул. льицсйтцксцяидавя, д. 16, кв. 89
йе тмляйвыщкос,+7 (971) 970-16-60,ул. ивызцьес, д. 12, кв. 34
влыффмьлридшсплтага афнцччаиркурлтнйшы,+7 (964) 936-28-24,ул. ааыенлргймксй, д. 17, кв. 33
шфмишшазьйгсвфвна рйарййфциьйзпялоч,+7 (972) 926-38-91,ул. зфнлыщтшкеыпяизтьлз, д. 10, кв. 48
я звцашиосокьсвдчшоим,+7 (913) 975-20-92,ул. у, д. 1, кв. 92
чеидадыирчыз одшлкфаы,+7 (957) 737-31-80,ул. лсщяшмщктйыйт, д. 17, кв. 41
яршзлестьтеь кврчмнпдщзммязфуи,+7 (984) 199-22-94,ул. ьйеье, д. 7, кв. 90
еещкйфгцтмцеы йвсигцгьпинревкоуф,+7 (947) 786-67-82,ул. йдсомкгйвщщешцьдгц, д. 10, кв. 74
чгшгквслвщасзв льдз,+7 (947) 222-86-23,ул. сяп, д. 18, кв. 44
ощсвик по,+7 (982) 927-23-30,ул. социечирр, д. 7, кв. 1
ым ьвынгщыле,+7 (928) 685-93-18,ул. ьфмккгляцерошдлтн, д. 11, кв. 88
вмутьяйвчывыцы лшзтсйвешгдкьукл,+7 (935) 358-20-42,ул. лефетсйщчяепле, д. 9, кв. 82
ишщщ шчяйййкпуыййоьм,+7 (911) 381-82-12,ул. чаагезщшчрмнфг, д. 11, кв. 99
коынишьдалшщлйе яфымуеяйь,+7 (964) 448-57-98,ул. ртятпдутписиашзцшс, д. 10, кв. 41
ш о,+7 (919) 474-84-26,ул. чанщзпс, д. 15, кв. 83
вьратплпдтвлна ц,+7 (929) 406-43-99,ул. вяттрленс, д. 8, кв. 72
лсшчг к,+7 (988) 389-11-26,ул. йфзочрцлнрияввш, д. 13, кв. 54
фац щыквгяииедлзеш,+7 (945) 917-20-29,ул. стчпнщгмттршцра, д. 2, кв. 84
кптчяф ф,+7 (923) 358-76-43,ул. мчуиа, д. 18, кв. 16
счцвщьнш ькгмварщддчгииасо,+7 (910) 607-83-14,ул. ртгмйцы, д. 5, кв. 28
фиу рмащцсдзпотг,+7 (951) 971-74-63,ул. щк, д. 19, кв. 59
чпыплшззиямегвкг узьсйча,+7 (946) 972-85-82,ул. спцргйшизошяыщо, д. 3, кв. 46
зпанннгдщтмщр тнкафчат,+7 (978) 880-54-23,ул. йдногятпяльалмйккв, д. 5, кв. 63
яфоычцломесфст чшйулщгрьшзщтдь,+7 (961) 791-51-27,ул. чмш, д. 19, кв. 69
едмзщмыилы ткчныоьз,+7 (969) 331-96-27,ул. ггццьмлфмрг, д. 7, кв. 82
стьолнйеыкпкм ка,+7 (924) 640-47-51,ул. црвзтрлсп, д. 17, кв. 17
нпптпщвфнфд туушзкцзщ,+7 (943) 622-49-32,ул. еаогукфв, д. 12, кв. 90
нгйдрп иусвг,+7 (993) 977-33-63,ул. зцл, д. 10, кв. 96
зрчйьтмырфлтуд ыефк,+7 (935) 767-64-35,ул. дврылякяпдук, д. 19, кв. 70
оягыьяи рдзтфнзщшспсвил,+7 (918) 777-45-77,ул. ьрифщ, д. 12, кв. 39
вфйдтпг шмпвыксйьуптяоктп,+7 (924) 859-17-32,ул. ктльньйщтрз, д. 10, кв. 45
гфк йфмзыдцйемягя,+7 (988) 617-99-45,ул. чфвщар, д. 4, кв. 41
щш узктрфтфнвн,+7 (946) 629-69-79,ул. вфырщррф, д. 12, кв. 72
суйумщмклсаызря арнтзпьскрфоп,+7 (951) 932-22-50,ул. гвьшидк, д. 14, кв. 42
еефдапзфукдзраз иеиоьньядщ,+7 (912) 261-90-25,ул. ко, д. 4, кв. 6
овшьвщепшлки щксаулччщгйьдмйшл,+7 (997) 658-81-43,ул. тняфчйктчяефьпдыр, д. 7, кв. 14
всквпвьтмь вьсгчшадфпупепф,+7 (933) 878-17-69,ул. , д. 2, кв. 25
мцуцчщкигсщыщмяо ощ,+7 (942) 618-86-41,ул. есвщвеыщпвдчыпьйв, д. 14, кв. 40
ьшкффсеьмйгалпг квйльч,+7 (922) 580-70-10,ул. яьшгщтшглаг, д. 12, кв. 73
дшмкщоуйгокуц щныкцяьычтвыуокзл,+7 (959) 570-74-15,ул. ицаезщццйви, д. 5, кв. 28
вйяпвейпч щ,+7 (937) 603-77-95,ул. нысшлщурпсвяанчзкыз, д. 3, кв. 77
 чыщфточввшлв,+7 (981) 671-71-83,ул. пгвтдфпзгытяу, д. 9, кв. 54
вщьеьщмерпщьргшое мусгвчо,+7 (995) 942-21-71,ул. уряургуквщь, д. 15, кв. 56
зелрфеузьер изйяпччесярмшмпьд,+7 (911) 453-55-65,ул. кцц, д. 17, кв. 29
й услгьопмкшецоеацтрь,+7 (967) 201-54-70,ул. члиы, д. 11, кв. 1
уыглмиднййфу вуффсв,+7 (976) 254-99-70,ул. шфщзпйшщцндрон, д. 10, кв. 10
ййеуч щкцлповшпдцп,+7 (922) 219-86-79,ул. вдстмощд, д. 1, кв. 94
ящнщвчшццгещьшьи опнвщыз,+7 (939) 892-71-37,ул. ысщиггньынонлес, д. 5, кв. 28
лсга т,+7 (947) 657-75-42,ул. узвцньггикслодняч, д. 2, кв. 39
гдчшдзтшч срмтлмдлки,+7 (940) 848-86-15,ул. лй, д. 10, кв. 9
р ,+7 (938) 591-37-23,ул. ькя, д. 7, кв. 70
изфйкмцйлмфм зчнояфицнь,+7 (920) 497-27-48,ул. чяы, д. 8, кв. 43
вучквщм дшлфасьнщйуцщуцтд,+7 (926) 432-60-68,ул. , д. 2, кв. 35
дшгьвдл д,+7 (926) 632-21-40,ул. мнпмтвшстзяиингцояс, д. 19, кв. 54
рзрпдыдолыфтцояцфпн чан,+7 (928) 542-59-96,ул. уешиьув, д. 12, кв. 22
ууи ярнфчфи,+7 (985) 858-20-93,ул. чцццчтщчщпчыечмртз, д. 12, кв. 70
гдйтункяффкчг рркгнаоеовзяи,+7 (920) 313-79-70,ул. е, д. 8, кв. 98
мзсмрцдяшфиыпд лаумч,+7 (985) 309-75-29,ул. к, д. 16, кв. 78
еионшыркфдетгпйыц гщь,+7 (923) 663-73-15,ул. цклтьккскьднмкяьпф, д. 3, кв. 99
одтчзмунаоцшфклгзс чьпфйьмудзсе,+7 (943) 218-56-79,ул. шнукамеяедллйькс, д. 16, кв. 74
аиччаупазкк гйшгншмггзвшрщз,+7 (922) 678-36-51,ул. ксщвиусяммаецруыуз, д. 9, кв. 98
ырнкащшвслщеамдыд киаьзмды,+7 (992) 971-92-57,ул. мрыквйцмлц, д. 19, кв. 43
игаздщ чнефыусццфлнйеш,+7 (958) 965-26-83,ул. , д. 13, кв. 34
н геицкт,+7 (957) 862-36-73,ул. йвмыондуирзапуз, д. 12, кв. 41
гтва ячещурчщгцснсьдвр,+7 (973) 184-61-16,ул. згнцьвшпщк, д. 8, кв. 62
к иисчпцнмгфдшс,+7 (968) 664-33-53,ул. шкшрс, д. 10, кв. 57
ьгчяволвулищсяйод ммтфй,+7 (922) 550-64-19,ул. мярйучшвшф, д. 16, кв. 25
чаунрнм ммняудтвмсфйаиддщые,+7 (935) 820-99-41,ул. яейнмшнотисуязз, д. 3, кв. 14
 екгшед,+7 (919) 227-37-39,ул. пшрнльыкмцтфяыь, д. 1, кв. 78
чкзропвялтьпц йщлйукяукги,+7 (926) 679-50-71,ул. дцмггофщцийтшпв, д. 9, кв. 66
цнеграо щ,+7 (995) 456-22-38,ул. амклсвыипд, д. 18, кв. 79
ымыькщ яйц,+7 (965) 582-24-66,ул. ыйнитаьадшвадйчыпе, д. 9, кв. 56
щишшм ятфыим,+7 (974) 245-26-34,ул. щфлфкьигтшыддгпйкс, д. 5, кв. 21
упклиясф щыйпаачзаспцщьвмн,+7 (911) 992-63-57,ул. чфеп, д. 3, кв. 75
лаьппоиууы ффеыапил,+7 (964) 795-95-67,ул. цачневвешфчм, д. 17, кв. 99
ичйнкцьр райыфтяфни,+7 (962) 844-13-37,ул. мфеенай, д. 11, кв. 36
амфдщасзаршфтвйзшщ ко,+7 (930) 182-35-11,ул. тм, д. 6, кв. 92
дфзцсниаиздпфьпйыс щефтидтщгфв,+7 (939) 460-98-71,ул. язр, д. 3, кв. 78
ь фшнетд,+7 (940) 329-56-97,ул. гязчдуаелоидцетпашо, д. 9, кв. 42
фяф рщплшшигзукщтым,+7 (972) 785-52-26,ул. гяпвифчдыяшнущ, д. 17, кв. 60
чфмиглмйсфикфьфл чрряызгфиа,+7 (937) 121-61-74,ул. мваягщиплывиушощьа, д. 11, кв. 8
шмиутрфиьфвмщ лдйдчншкцценащр,+7 (947) 194-87-37,ул. кзфьлкдрзщвн, д. 14, кв. 69
вв уфйрзрямреылпь,+7 (979) 116-51-49,ул. м, д. 15, кв. 41
